<?xml version='1.0' encoding='UTF-8' ?>
<timeLogEntries>
  <time id="1" path="/Ti1/PSP0/Planning" start="@1615839250000" delta="40" comment="Planeacion de " />
  <time id="2" path="/Ti1/PSP0/Code" start="@1616116109200" />
  <time id="3" path="/Ti1/PSP0/Code" start="@1616116140445" delta="94" />
  <time id="4" path="/Ti1/PSP0/Code" start="@1616123343511" delta="16" />
  <time id="5" path="/Ti1/PSP0/Design" start="@1616124338117" delta="71" />
  <time id="6" path="/Ti1/PSP0/Code" start="@1616128617697" delta="37" />
  <time id="7" path="/Ti1/PSP0/Design" start="@1616163968776" delta="99" />
  <time id="8" path="/Ti1/PSP0/Code" start="@1616169895017" delta="209" />
  <time id="9" path="/Ti1/PSP0/Test" start="@1616251364570" delta="39" />
  <time id="10" path="/Ti1/PSP0/Code" start="@1616253709558" delta="216" />
  <time id="11" path="/Ti1/PSP0/Test" start="@1616266681389" delta="33" />
  <time id="12" path="/Ti1/PSP0/Test" start="@1616273591868" delta="60" />
  <time id="13" path="/Ti1/PSP0/Compile" start="@1616278813559" delta="49" />
  <time id="14" path="/Ti1/PSP0/Postmortem" start="@1616458890861" delta="90" />
  <time id="15" path="/Ti1/PSP0/Design" start="@1616464299247" delta="157" />
  <time id="16" path="/Ti1/PSP0/Planning" start="@1615674580000" delta="176" />
  <time id="17" path="/Ti1/PSP0/Planning" start="@1615858264000" delta="222" />
  <time id="18" path="/Ti1/PSP0/Compile" start="@1616027013000" delta="177" />
  <time id="19" path="/Ti2/PSP0/Planning" start="@1618973094521" delta="75" comment="Metodo de la ingenieria" />
  <time id="20" path="/Ti2/PSP0/Planning" start="@1619060492465" delta="75" comment="Generar los datos aleatorios" />
  <time id="21" path="/Ti2/PSP0/Design" start="@1619064983009" delta="8" comment="Requerimientos" />
  <time id="22" path="/Ti2/PSP0/Code" start="@1619194180502" delta="111" />
  <time id="23" path="/Ti2/PSP0/Code" start="@1619393634486" delta="295" />
</timeLogEntries>
